title,description
"Dosificación de mantenimiento: clarificador, alguicida, shock y tricloro","Para el cuidado normal (preventivo) de la alberca, la dosis base es la misma para cuatro familias de producto del catálogo: clarificador floculante, alguicida, shock dicloro soluble y cualquier producto cuyo nombre contenga la palabra ""tricloro"" (granulado, polvo, tableta o triple acción): 100 ml por cada 10,000 litros de agua de la alberca. Cuando el estado de la alberca es crítico (por ejemplo agua muy verde, cloro libre en cero, olor muy fuerte o algas visibles extendidas), la dosis de estos mismos cuatro productos aumenta 50 ml adicionales por cada 10,000 litros, es decir, 150 ml por cada 10,000 litros de agua. El volumen de la alberca debe calcularse antes de dosificar (largo x ancho x profundidad promedio x 1000, en metros, para obtener litros aproximados), el producto se debe repartir de manera uniforme por la superficie con la bomba encendida, y conviene esperar varias horas de recirculación antes de volver a medir cloro y pH. Nota para el equipo de datos: los productos tricloro se venden por kilogramos (son sólidos: granulado, polvo o tableta), por lo que la unidad ""ml"" de esta regla aplica de forma literal solo a clarificador, alguicida y shock, que son líquidos; para tricloro conviene confirmar con el área operativa si la instrucción original se refiere a gramos en vez de mililitros antes de programarla como regla exacta en el sistema."
Agua turbia por cloro libre insuficiente,"El agua turbia sin tono verde suele deberse a que el cloro libre bajó por debajo de 1 ppm, dejando que materia orgánica (bronceador, sudor, saliva) y bacterias no se oxiden por completo y dispersen la luz en el agua. Es frecuente después de días de mucho uso o calor. Para confirmarlo hay que medir cloro libre y combinado con un kit o tiras: si el combinado supera 0.5 ppm, buena parte del cloro ya está ""gastado"" reaccionando con contaminantes y no está disponible para desinfectar. La acción recomendada es aplicar shock dicloro soluble o un producto tricloro como dosis de choque: 100 ml por cada 10,000 litros de agua en un caso de cuidado normal, o 150 ml por cada 10,000 litros si el agua está muy turbia o el cloro libre está en cero, manteniendo la bomba encendida varias horas seguidas y volviendo a medir hasta que el cloro libre regrese al rango de 1 a 3 ppm antes de permitir el baño."
Agua verde por presencia de algas,"Un tono verde o verde-amarillento, incluso antes de que se vea alga visible sobre las paredes, indica proliferación de algas favorecida por cloro bajo, mala circulación o varios días de calor. El pH y la alcalinidad suelen salirse de rango al mismo tiempo. El procedimiento es cepillar bien las paredes y el piso para desprender las algas adheridas, aplicar shock dicloro soluble o tricloro como dosis de choque (100 ml por cada 10,000 litros en un caso normal, 150 ml por cada 10,000 litros si el agua está muy verde o el problema lleva varios días) y complementar con alguicida a razón de 100 ml por cada 10,000 litros (150 ml si el caso es crítico) para prevenir que las algas reaparezcan. Con agua muy verde conviene mantener la bomba funcionando de forma continua y filtrar sin interrupción hasta que el agua aclare, revisando a diario los niveles de cloro y pH mientras dura el tratamiento."
Algas negras o moho persistente en paredes,"Las algas negras (o moscadas/mostaza en su variante amarillenta) forman manchas oscuras adheridas con fuerza al acabado de la alberca y son mucho más resistentes al cloro normal que las algas verdes flotantes, porque desarrollan una capa protectora. El tratamiento requiere cepillado vigoroso y repetido directamente sobre cada mancha para romper esa capa, seguido de una dosis de choque de shock dicloro soluble o tricloro de 150 ml por cada 10,000 litros de agua (dosis de caso crítico, ya que este tipo de alga es más resistente) y, en casos persistentes, alguicida a 100-150 ml por cada 10,000 litros. El pH debe ajustarse primero a un valor cercano a 7.4, ya que un pH elevado reduce la eficacia del cloro y facilita que este tipo de alga regrese semanas después si no se trata a fondo."
pH alto (superior a 7.8),"Un pH por arriba de 7.6-7.8 reduce la eficacia desinfectante del cloro, favorece el agua turbia, la formación de incrustaciones de calcio y puede irritar piel y ojos de los bañistas. Suele subir por el uso continuo de productos a base de cloro con pH alto, por agua de relleno con alcalinidad elevada, o de forma natural con el paso de los días. Se corrige agregando un reductor de pH (ácido) de forma gradual y en puntos distintos de la alberca con la bomba encendida, remidiendo después de algunas horas antes de aplicar una segunda dosis. Conviene revisar primero la alcalinidad total, porque si está muy alta el pH tiende a subir de nuevo poco después de corregirlo."
pH bajo (inferior a 7.2),"Un pH por debajo de 7.2 hace el agua corrosiva: puede dañar el acabado de la alberca, corroer partes metálicas del equipo de bombeo y filtración, y provocar ardor en ojos y piel de los bañistas, además de acelerar el consumo de cloro. Puede deberse a lluvia reciente, exceso de productos ácidos o alcalinidad total baja que no logra amortiguar los cambios. La corrección se hace con un elevador de pH, agregado poco a poco y remidiendo el agua tras recircular varias horas, evitando corregir todo de una sola vez para no sobrepasar el rango. Si el pH baja de forma repetida en pocos días, es señal de revisar también la alcalinidad total."
Alcalinidad total alta,"Una alcalinidad total por arriba de 120-150 ppm actúa como un amortiguador demasiado fuerte: hace que el pH suba con facilidad y luego sea difícil de bajar, aunque se agregue suficiente ácido, y puede favorecer agua turbia y formación de incrustaciones junto con una dureza cálcica alta. Es recomendable corregir primero la alcalinidad antes que el pH, ya que estabilizarla facilita mantener el pH en rango después. Se reduce agregando ácido en dosis pequeñas y sostenidas, dejando pasar tiempo de recirculación entre cada aplicación y remidiendo, en lugar de aplicar una dosis grande de una sola vez que baje demasiado el pH."
Alcalinidad total baja,"Cuando la alcalinidad total cae por debajo de 80 ppm, el agua pierde capacidad de amortiguar cambios y el pH ""rebota"": sube y baja de forma errática ante pequeñas variaciones, lo que dificulta mantener el agua balanceada y puede acelerar la corrosión de superficies y equipo. Se corrige agregando un elevador de alcalinidad (bicarbonato) de forma gradual, dejando circular el agua entre aplicaciones y volviendo a medir, ya que subir la alcalinidad también puede subir ligeramente el pH. Una vez que la alcalinidad quede en rango, el pH se vuelve mucho más fácil de ajustar y de mantener estable en las siguientes semanas."
Dureza cálcica alta (incrustaciones y aspereza),"Una dureza cálcica elevada, por lo general arriba de 400 ppm, hace que el calcio disuelto ya no se mantenga en solución y comience a precipitar como incrustaciones blancas en paredes, líneas de agua, dentro de tuberías y sobre el equipo de filtración, lo que también puede provocar agua turbia. Suele acumularse con el tiempo por agua de relleno dura o evaporación. El tratamiento pasa por aplicar un producto anti-incrustante/secuestrante de calcio, revisar y limpiar el filtro con mayor frecuencia mientras dura el problema y, si la dureza es muy alta, diluir parcialmente el agua de la alberca con agua de relleno de menor dureza. También conviene mantener el pH y la alcalinidad en rango, ya que ambos favorecen que el calcio precipite si están altos."
Dureza cálcica baja (agua agresiva y corrosión),"Una dureza cálcica baja, generalmente por debajo de 150-200 ppm, deja el agua ""hambrienta"" de calcio: en ese estado tiende a disolver calcio de donde lo encuentre, incluyendo el acabado de la alberca (plaster, junteado, boquillas) y partes metálicas del equipo, provocando corrosión, aspereza y acortando la vida útil de estas superficies. La corrección se hace agregando un endurecedor de calcio (cloruro de calcio) en dosis pequeñas y bien disueltas, evitando agregar el producto directamente sin diluir porque puede dañar el acabado localmente. Igual que con la dureza alta, mantener el pH y la alcalinidad dentro de rango ayuda a que el calcio se mantenga estable una vez corregido."
Olor fuerte a cloro (cloraminas),"Un olor intenso a cloro suele interpretarse al revés de lo que realmente pasa: no significa exceso de cloro, sino que la mayor parte del cloro presente está ""combinado"" (cloraminas), formado al reaccionar con sudor, orina y otros contaminantes orgánicos, y ya no sirve para desinfectar. Se confirma midiendo cloro libre y cloro total: si el combinado (la diferencia entre ambos) supera 0.5 ppm, el olor y la posible irritación de ojos se deben a esas cloraminas. La solución es una superclorinación con shock dicloro soluble o tricloro que rompa las cloraminas: 100 ml por cada 10,000 litros en un caso de cuidado normal, o 150 ml por cada 10,000 litros si el olor es muy intenso o hay quejas de irritación en los bañistas, seguida de buena circulación durante varias horas antes de usar la alberca de nuevo."
"Manchas de metal (hierro, cobre o manganeso)","Manchas de color café-rojizo, verde-azulado o negruzco que aparecen de forma más o menos repentina, sobre todo poco después de aplicar cloro o producto de choque, suelen deberse a metales disueltos en el agua (hierro, cobre o manganeso) que se oxidan y precipitan sobre las superficies, y no a algas. Es frecuente cuando el agua de relleno proviene de pozo o cuando hay corrosión de tuberías o de un intercambiador metálico del equipo. Se trata con un secuestrante de metales aplicado antes de superclorar (nunca después), seguido de cepillado de las manchas; conviene revisar también el pH, ya que un pH bajo acelera la corrosión de partes metálicas del sistema y puede ser el origen del metal disuelto."
Espuma en la superficie del agua,"La espuma persistente en la superficie, distinta de las burbujas normales de los retornos, suele originarse por acumulación de residuos orgánicos de bañistas (bronceadores, cremas, sudor) combinados con algunos alguicidas de tipo cuaternario de baja calidad, o por agua con dureza muy baja. No representa un riesgo grave de inmediato, pero indica que el agua necesita renovarse u oxidarse. La acción recomendada es aplicar una dosis de choque de shock dicloro soluble o tricloro (100 ml por cada 10,000 litros, 150 ml si la espuma es abundante y persistente) para oxidar la materia orgánica causante, además de clarificador floculante en la misma proporción (100 a 150 ml por cada 10,000 litros) para ayudar a que las partículas suspendidas se agrupen y el filtro las retenga mejor. Si la espuma reaparece de forma constante, conviene revisar qué alguicida se está usando y considerar cambiarlo."
Presión alta y sostenida en el filtro de arena,"En un filtro de arena, la presión sube de forma gradual y normal conforme se acumula suciedad; el momento de retrolavar (backwash) es cuando la presión sube entre 7 y 10 psi por encima de la lectura inicial en filtro limpio, no un valor fijo. Si la presión sube mucho más rápido de lo habitual entre retrolavados (ciclo corto) o se mantiene alta incluso después de retrolavar, puede deberse a arena saturada de aceites o minerales, arena que ya cumplió su vida útil (se recomienda cambiarla cada 3 a 5 años), una válvula de retorno cerrada o parcialmente obstruida, o una bomba sobrada de capacidad para el filtro instalado. El primer paso siempre es retrolavar correctamente hasta que el agua de desecho salga clara; si la presión no baja, revisar la arena y las válvulas."
Presión baja o flujo reducido en el filtro,"Una presión inusualmente baja en el manómetro del filtro, junto con poco flujo en los retornos de la alberca, casi siempre indica que algo restringe el agua antes de llegar al filtro, no un problema del filtro en sí: una canastilla del skimmer o de la bomba obstruida con hojas y basura, una fuga de aire en la línea de succión que impide el cebado correcto de la bomba, un impulsor de la bomba obstruido, o el nivel de agua de la alberca demasiado bajo. Conviene revisar y limpiar primero las canastillas, verificar que las tapas y o-rings de la bomba sellen bien (una fuga de aire se nota por burbujas en el visor de la bomba) y confirmar que el nivel de agua cubra correctamente la boca del skimmer antes de sospechar de una falla más seria del equipo."
"La bomba no enciende, no ceba o pierde cebado","Si la bomba no arranca, revisar primero la alimentación eléctrica (pastillas térmicas, clorador o timer) antes de considerar una falla interna. Si enciende pero no succiona agua (no ceba) o pierde el cebado después de un rato, la causa más común es una fuga de aire en la línea de succión: puede entrar aire por una tapa de prefiltro con la liga u o-ring desgastado, una canastilla mal asentada, o una unión floja entre la bomba y la tubería, y se nota como pequeñas burbujas constantes en el visor transparente de la bomba. También puede deberse a nivel de agua bajo en la alberca, una válvula de succión cerrada, o un sello mecánico dañado que permite que la bomba pierda cebado con el tiempo. Revisar y reemplazar ligas, o-rings y sellos desgastados suele resolver la mayoría de estos casos."
Mal funcionamiento del clorador automático,"Cuando el clorador automático (de pastillas de tricloro) no disuelve producto de forma constante, puede notarse cloro libre bajo pese a tener pastillas dentro, o al contrario, un consumo de pastillas mucho más rápido de lo normal. Entre las causas más comunes están una liga o empaque de la tapa deteriorado que permite fugas de agua clorada muy concentrada sin pasar por el circuito normal, una válvula de flujo del clorador mal ajustada, o pastillas de baja calidad que se disuelven de forma irregular. Conviene revisar el estado de la liga/empaque de la tapa, ajustar la válvula de flujo del clorador según el consumo observado, y verificar cloro libre y combinado varias veces por semana mientras se ajusta, en lugar de cambiar la dosis de golpe."
Los químicos no hacen efecto pese a dosificar correctamente,"Cuando el cloro no sube, el agua sigue turbia o verde, o las algas regresan a los pocos días a pesar de aplicar la dosis indicada de shock, tricloro o alguicida, el problema casi nunca es ""poco producto"": aplicar más solo desperdicia químico si la causa real es otra. Las cuatro causas más comunes, en el orden en que conviene revisarlas, son: (1) pH por arriba de 7.6-7.8, que reduce drásticamente la forma activa del cloro aunque la lectura de cloro libre parezca normal; se corrige el pH antes de repetir cualquier dosis. (2) Ácido cianúrico (estabilizante) demasiado alto, típico en albercas que usan tricloro en tabletas o pastillas como único sanitizante durante mucho tiempo, ya que cada tableta añade estabilizante que nunca se degrada por sí solo; con niveles muy altos el cloro pierde fuerza desinfectante aunque el número en el kit se vea correcto, y la única forma de bajarlo es diluir con agua nueva (vaciar y rellenar parcialmente la alberca), no agregar más cloro. (3) Filtración insuficiente: si la bomba no corre suficientes horas al día o el filtro está sucio/saturado, el químico no logra circular por toda el agua ni remover lo que las algas necesitan para crecer. (4) Dosis o medición incorrecta: verificar que el volumen de la alberca esté bien calculado, que el producto no esté caducado o mal almacenado (húmedo, endurecido), y que el kit de prueba no esté dando lecturas erróneas (comparar con tiras nuevas). Antes de aumentar la dosis o repetir el tratamiento, hay que revisar estas cuatro causas en orden, ya que corregir pH y estabilizante primero suele resolver el problema sin necesitar más producto."
